<toc>
	<proxy>http://services.asascience.com/proxy/Proxy.ashx?u=</proxy>
    <ndbcService>http://sdf.ndbc.noaa.gov/sos/server.php?request=GetCapabilities&service=SOS&observedproperty=all</ndbcService>
    <coopservice>http://opendap.co-ops.nos.noaa.gov/ioos-dif-sos/SOS?service=SOS&request=GetCapabilities&responseFormat=text%2Fcsv</coopservice>
	<ndbcserviceWS>http://sdf.ndbc.noaa.gov/sos/server.php?request=GetObservation&service=SOS&responseFormat=text%2Fcsv</ndbcserviceWS>
	<metWS>http://opendap.co-ops.nos.noaa.gov/ioos-dif-sos/SOS?service=SOS&request=GetObservation&version=1.0.0&responseFormat=text%2Fcsv</metWS>
	<massURL>http://giswebservices.massgis.state.ma.us/geoserver/wms?</massURL>
	<tnc>
		<layer name="Sea Turtles" url="http://ec2-50-18-215-52.us-west-1.compute.amazonaws.com/arcgis/rest/services/NAMERA/EUSD_NAM_TURTLE/MapServer"/>
		<layer name="Base" url="http://ec2-50-18-215-52.us-west-1.compute.amazonaws.com/arcgis/rest/services/NAMERA/EUSD_NAM_BASE/MapServer"/>
		<layer name="Benthic Habitat" url="http://ec2-50-18-215-52.us-west-1.compute.amazonaws.com/arcgis/rest/services/NAMERA/EUSD_NAM_BENHAB/MapServer"/>
		<layer name="Benthic Data" url="http://ec2-50-18-215-52.us-west-1.compute.amazonaws.com/arcgis/rest/services/NAMERA/EUSD_NAM_BENTHICDATA/MapServer"/>
		<layer name="Benthic EMUs" url="http://ec2-50-18-215-52.us-west-1.compute.amazonaws.com/arcgis/rest/services/NAMERA/EUSD_NAM_BENTHICEMU/MapServer"/>
		<layer name="Coastal" url="http://ec2-50-18-215-52.us-west-1.compute.amazonaws.com/arcgis/rest/services/NAMERA/EUSD_NAM_COASTAL/MapServer"/>
		<layer name="Demersal Fish" url="http://ec2-50-18-215-52.us-west-1.compute.amazonaws.com/arcgis/rest/services/NAMERA/EUSD_NAM_DEMERSAL/MapServer"/>
		<layer name="Diadromous Fish" url="http://ec2-50-18-215-52.us-west-1.compute.amazonaws.com/arcgis/rest/services/NAMERA/EUSD_NAM_DIADROMOUS/MapServer"/>
		<layer name="Large Pelagic Fish" url="http://ec2-50-18-215-52.us-west-1.compute.amazonaws.com/arcgis/rest/services/NAMERA/EUSD_NAM_LargePelagic/MapServer"/>
		<layer name="Small Pelagic Fish" url="http://ec2-50-18-215-52.us-west-1.compute.amazonaws.com/arcgis/rest/services/NAMERA/EUSD_NAM_SMALLPELAGIC/MapServer"/>
		<layer name="Marine Mammals" url="http://ec2-50-18-215-52.us-west-1.compute.amazonaws.com/arcgis/rest/services/NAMERA/EUSD_NAM_MAMMALS/MapServer"/>
		<layer name="Oceanography" url="http://ec2-50-18-215-52.us-west-1.compute.amazonaws.com/arcgis/rest/services/NAMERA/EUSD_NAM_ocean/MapServer"/>
	</tnc>
	<ngdc>
		<layer name="DEM Hillshades" url="http://maps.ngdc.noaa.gov/rest/services/web_mercator/dem_hillshades_mosaic/MapServer"/>
		<layer name="BAG Hillshades" url="http://maps.ngdc.noaa.gov/rest/services/web_mercator/bag_hillshades/MapServer"/>
		<layer name="Multibeam Bathymetry Surveys" url="http://maps.ngdc.noaa.gov/rest/services/web_mercator/multibeam/MapServer"/>
	</ngdc>
	<boem>
		<layer name="BOEM Ocean Use Layers" url="http://gis.boemre.gov/arcgis/rest/services/BOEM_BSEE/MMC_Layers/MapServer"/>
	</boem>
	<cadastre>
		<layer name="Marine Jurisdictions" url="http://csc.noaa.gov/arcgis/rest/services/MarineCadastre/NationalViewer/MapServer"/>
	</cadastre>
	<nhsmocean>
		<layer name="NHME Ocean Atlas" url="http://egisws02.nos.noaa.gov/ArcGIS/rest/services/OUA/NHME_ocean_uses_atlas/MapServer"/>
	</nhsmocean>
	<unh>
		<layer name="Atlantic Bathymetry" url="http://gis.ccom.unh.edu:6080/arcgis/rest/services/LOTS_Atlantic/Atlantic_Bathymetry_Hillshade_WebMercator_WGS84/MapServer"/>
	</unh>
	<!--<epa>
		<layer name="EPA Office of Water" url="http://watersgeo.epa.gov/arcgis/rest/services/OWRAD/ALL_OWRAD_NAD83/MapServer"/>
	</epa>-->
	<mass>
	  <Layer selected="false" title="NOAA C-CAP Land Cover 1996 - 2001" name="massgis:MORIS.CCAP_MA_96_01_RD" style="MORIS.CCAP_MA_96_01_RD::Default" type="raster"/>
      <Layer selected="false" title="NOAA C-CAP Land Cover 1996" name="massgis:MORIS.CCAP_MA_96_RD" style="MORIS.CCAP_MA_96_RD::Default" type="raster"/>
      <Layer selected="false" title="NOAA C-CAP Land Cover 2001" name="massgis:MORIS.CCAP_MA_01_RD" style="MORIS.CCAP_MA_01_RD::Default" type="raster"/>
      <Layer selected="false" title="NOAA C-CAP Land Cover 2001 - 2006" name="massgis:MORIS.CCAP_MA_01_06_RD" style="MORIS.CCAP_MA_01_06_RD::Default" type="raster"/>
      <Layer selected="false" title="NOAA C-CAP Land Cover 2006" name="massgis:MORIS.CCAP_MA_06_RD" style="MORIS.CCAP_MA_06_RD::Default" type="raster"/>
      <Layer selected="false" title="NOAA Chart West Quoddy Head To New York" name="massgis:NOAA.NOAA_13006_1" style="NOAA.NOAA_13006_1::Default" type="raster"/>
      <Layer selected="false" title="NOAA Chart Gulf Of Maine And Georges Bank" name="massgis:NOAA.NOAA_13009_1" style="NOAA.NOAA_13009_1::Default" type="raster"/>
      <Layer selected="false" title="NOAA Chart Georges Bank And Nantucket Shoals" name="massgis:NOAA.NOAA_13200_1" style="NOAA.NOAA_13200_1::Default" type="raster"/>
      <Layer selected="false" title="NOAA Chart Georges Bank Western Part" name="massgis:NOAA.NOAA_13203_1" style="NOAA.NOAA_13203_1::Default" type="raster"/>
      <Layer selected="false" title="NOAA Chart Georges Bank Eastern Part" name="massgis:NOAA.NOAA_13204_1" style="NOAA.NOAA_13204_1::Default" type="raster"/>
      <Layer selected="false" title="NOAA Chart Martha's Vineyard to Block Island" name="massgis:NOAA.NOAA_13218_1" style="NOAA.NOAA_13218_1::Default" type="raster"/>
      <Layer selected="false" title="NOAA Chart Narragansett Bay" name="massgis:NOAA.NOAA_13221_1" style="NOAA.NOAA_13221_1::Default" type="raster"/>
      <Layer selected="false" title="NOAA Chart Providence River and Head of Narragansett Bay" name="massgis:NOAA.NOAA_13224_1" style="NOAA.NOAA_13224_1::Default" type="raster"/>
      <Layer selected="false" title="NOAA Chart Seekonk River, Cold Spring Point to Pawtucket" name="massgis:NOAA.NOAA_13224_2" style="NOAA.NOAA_13224_2::Default" type="raster"/>
      <Layer selected="false" title="NOAA Chart Mount Hope Bay" name="massgis:NOAA.NOAA_13226_1" style="NOAA.NOAA_13226_1::Default" type="raster"/>
      <Layer selected="false" title="NOAA Chart Continuation of Taunton River" name="massgis:NOAA.NOAA_13226_2" style="NOAA.NOAA_13226_2::Default" type="raster"/>
      <Layer selected="false" title="NOAA Chart Fall River Harbor" name="massgis:NOAA.NOAA_13227_1" style="NOAA.NOAA_13227_1::Default" type="raster"/>
      <Layer selected="false" title="NOAA Chart State Pier" name="massgis:NOAA.NOAA_13227_2" style="NOAA.NOAA_13227_2::Default" type="raster"/>
      <Layer selected="false" title="NOAA Chart Westport River And Approaches" name="massgis:NOAA.NOAA_13228_1" style="NOAA.NOAA_13228_1::Default" type="raster"/>
      <Layer selected="false" title="NOAA Chart South Coast of Cape Cod and Buzzards Bay (Barnstable-Chatham)" name="massgis:NOAA.NOAA_13229_1" style="NOAA.NOAA_13229_1::Default" type="raster"/>
      <Layer selected="false" title="NOAA Chart South Coast of Cape Cod and Buzzards Bay (Inset-Hyannis Harbor)" name="massgis:NOAA.NOAA_13229_3" style="NOAA.NOAA_13229_3::Default" type="raster"/>
      <Layer selected="false" title="NOAA Chart South Coast of Cape Cod and Buzzards Bay (Gosnold-Barnstable)" name="massgis:NOAA.NOAA_13229_4" style="NOAA.NOAA_13229_4::Default" type="raster"/>
      <Layer selected="false" title="NOAA Chart South Coast of Cape Cod and Buzzards Bay (Inset-Woods Hole)" name="massgis:NOAA.NOAA_13229_6" style="NOAA.NOAA_13229_6::Default" type="raster"/>
      <Layer selected="false" title="NOAA Chart South Coast of Cape Cod and Buzzards Bay (Inset-Robinsons Hole)" name="massgis:NOAA.NOAA_13229_7" style="NOAA.NOAA_13229_7::Default" type="raster"/>
      <Layer selected="false" title="NOAA Chart South Coast of Cape Cod and Buzzards Bay (Inset-Cuttyhunk Harbor)" name="massgis:NOAA.NOAA_13229_8" style="NOAA.NOAA_13229_8::Default" type="raster"/>
      <Layer selected="false" title="NOAA Chart South Coast of Cape Cod and Buzzards Bay (Gosnold)" name="massgis:NOAA.NOAA_13229_9" style="NOAA.NOAA_13229_9::Default" type="raster"/>
      <Layer selected="false" title="NOAA Chart South Coast of Cape Cod and Buzzards Bay (Dartmouth-Falmouth)" name="massgis:NOAA.NOAA_13229_10" style="NOAA.NOAA_13229_10::Default" type="raster"/>
      <Layer selected="false" title="NOAA Chart South Coast of Cape Cod and Buzzards Bay (N Buzz Bay)" name="massgis:NOAA.NOAA_13229_11" style="NOAA.NOAA_13229_11::Default" type="raster"/>
      <Layer selected="false" title="NOAA Chart South Coast of Cape Cod and Buzzards Bay (New Bedford Harbor)" name="massgis:NOAA.NOAA_13229_12" style="NOAA.NOAA_13229_12::Default" type="raster"/>
      <Layer selected="false" title="NOAA Chart South Coast of Cape Cod and Buzzards Bay (Cape Cod Canal)" name="massgis:NOAA.NOAA_13229_13" style="NOAA.NOAA_13229_13::Default" type="raster"/>
      <Layer selected="false" title="NOAA Chart South Coast of Cape Cod and Buzzards Bay (Inset-Prince Cove)" name="massgis:NOAA.NOAA_13229_14" style="NOAA.NOAA_13229_14::Default" type="raster"/>
      <Layer selected="false" title="NOAA Chart Buzzards Bay" name="massgis:NOAA.NOAA_13230_1" style="NOAA.NOAA_13230_1::Default" type="raster"/>
      <Layer selected="false" title="NOAA Chart Quicks Hole" name="massgis:NOAA.NOAA_13230_2" style="NOAA.NOAA_13230_2::Default" type="raster"/>
      <Layer selected="false" title="NOAA Chart New Bedford Harbor and Approaches" name="massgis:NOAA.NOAA_13232_1" style="NOAA.NOAA_13232_1::Default" type="raster"/>
      <Layer selected="false" title="NOAA Chart Continuation of Apponagansett Bay" name="massgis:NOAA.NOAA_13232_2" style="NOAA.NOAA_13232_2::Default" type="raster"/>
      <Layer selected="false" title="NOAA Chart Martha's Vineyard" name="massgis:NOAA.NOAA_13233_1" style="NOAA.NOAA_13233_1::Default" type="raster"/>
      <Layer selected="false" title="NOAA Chart Menemsha Pond" name="massgis:NOAA.NOAA_13233_2" style="NOAA.NOAA_13233_2::Default" type="raster"/>
      <Layer selected="false" title="NOAA Chart Woods Hole" name="massgis:NOAA.NOAA_13235_1" style="NOAA.NOAA_13235_1::Default" type="raster"/>
      <Layer selected="false" title="NOAA Chart Cape Cod Channel And Approaches" name="massgis:NOAA.NOAA_13236_1" style="NOAA.NOAA_13236_1::Default" type="raster"/>
      <Layer selected="false" title="NOAA Chart Cape Cod Channel And Approaches Extension" name="massgis:NOAA.NOAA_13236_2" style="NOAA.NOAA_13236_2::Default" type="raster"/>
      <Layer selected="false" title="NOAA Chart Nantucket Sound And Approaches" name="massgis:NOAA.NOAA_13237_1" style="NOAA.NOAA_13237_1::Default" type="raster"/>
      <Layer selected="false" title="NOAA Chart Marthas Vineyard - Eastern Part" name="massgis:NOAA.NOAA_13238_1" style="NOAA.NOAA_13238_1::Default" type="raster"/>
      <Layer selected="false" title="NOAA Chart Oak Bluffs Harbor" name="massgis:NOAA.NOAA_13238_2" style="NOAA.NOAA_13238_2::Default" type="raster"/>
      <Layer selected="false" title="NOAA Chart Edgartown Harbor" name="massgis:NOAA.NOAA_13238_4" style="NOAA.NOAA_13238_4::Default" type="raster"/>
      <Layer selected="false" title="NOAA Chart Nantucket Island" name="massgis:NOAA.NOAA_13241_1" style="NOAA.NOAA_13241_1::Default" type="raster"/>
      <Layer selected="false" title="NOAA Chart Nantucket Harbor" name="massgis:NOAA.NOAA_13242_1" style="NOAA.NOAA_13242_1::Default" type="raster"/>
      <Layer selected="false" title="NOAA Chart Eastern Entrance To Nantucket Sound" name="massgis:NOAA.NOAA_13244_1" style="NOAA.NOAA_13244_1::Default" type="raster"/>
      <Layer selected="false" title="NOAA Chart Cape Cod Bay" name="massgis:NOAA.NOAA_13246_1" style="NOAA.NOAA_13246_1::Default" type="raster"/>
      <Layer selected="false" title="NOAA Chart Chatham Harbor And Pleasant Bay" name="massgis:NOAA.NOAA_13248_1" style="NOAA.NOAA_13248_1::Default" type="raster"/>
      <Layer selected="false" title="NOAA Chart Provincetown Harbor" name="massgis:NOAA.NOAA_13249_1" style="NOAA.NOAA_13249_1::Default" type="raster"/>
      <Layer selected="false" title="NOAA Chart Wellfleet Harbor" name="massgis:NOAA.NOAA_13250_1" style="NOAA.NOAA_13250_1::Default" type="raster"/>
      <Layer selected="false" title="NOAA Chart Barnstable Harbor" name="massgis:NOAA.NOAA_13251_1" style="NOAA.NOAA_13251_1::Default" type="raster"/>
      <Layer selected="false" title="NOAA Chart Harbors of Plymouth, Kingston And Duxbury" name="massgis:NOAA.NOAA_13253_1" style="NOAA.NOAA_13253_1::Default" type="raster"/>
      <Layer selected="false" title="NOAA Chart Bay Of Fundy To Cape Cod" name="massgis:NOAA.NOAA_13260_1" style="NOAA.NOAA_13260_1::Default" type="raster"/>
      <Layer selected="false" title="NOAA Chart Massachusetts Bay" name="massgis:NOAA.NOAA_13267_1" style="NOAA.NOAA_13267_1::Default" type="raster"/>
      <Layer selected="false" title="NOAA Chart North River" name="massgis:NOAA.NOAA_13267_2" style="NOAA.NOAA_13267_2::Default" type="raster"/>
      <Layer selected="false" title="NOAA Chart Cohasset And Scituate Harbors" name="massgis:NOAA.NOAA_13269_1" style="NOAA.NOAA_13269_1::Default" type="raster"/>
      <Layer selected="false" title="NOAA Chart Boston Harbor" name="massgis:NOAA.NOAA_13270_1" style="NOAA.NOAA_13270_1::Default" type="raster"/>
      <Layer selected="false" title="NOAA Chart Boston Inner Harbor" name="massgis:NOAA.NOAA_13272_1" style="NOAA.NOAA_13272_1::Default" type="raster"/>
      <Layer selected="false" title="NOAA Chart Mystic River Extension" name="massgis:NOAA.NOAA_13272_2" style="NOAA.NOAA_13272_2::Default" type="raster"/>
      <Layer selected="false" title="NOAA Chart Portsmouth Harbor to Boston Harbor (Hampton-Rockport)" name="massgis:NOAA.NOAA_13274_1" style="NOAA.NOAA_13274_1::Default" type="raster"/>
      <Layer selected="false" title="NOAA Chart Portsmouth Harbor to Boston Harbor (NH coast)" name="massgis:NOAA.NOAA_13274_2" style="NOAA.NOAA_13274_2::Default" type="raster"/>
      <Layer selected="false" title="NOAA Chart Merrimack River Extension 1" name="massgis:NOAA.NOAA_13274_3" style="NOAA.NOAA_13274_3::Default" type="raster"/>
      <Layer selected="false" title="NOAA Chart Merrimack River Extension 2" name="massgis:NOAA.NOAA_13274_4" style="NOAA.NOAA_13274_4::Default" type="raster"/>
      <Layer selected="false" title="NOAA Chart Portsmouth Harbor to Boston Harbor (Rockport-Boston)" name="massgis:NOAA.NOAA_13274_5" style="NOAA.NOAA_13274_5::Default" type="raster"/>
      <Layer selected="false" title="NOAA Chart Salem and Lynn Harbors" name="massgis:NOAA.NOAA_13275_1" style="NOAA.NOAA_13275_1::Default" type="raster"/>
      <Layer selected="false" title="NOAA Chart Manchester Harbor" name="massgis:NOAA.NOAA_13275_2" style="NOAA.NOAA_13275_2::Default" type="raster"/>
      <Layer selected="false" title="NOAA Chart Salem, Marblehead and Beverly Harbors" name="massgis:NOAA.NOAA_13276_1" style="NOAA.NOAA_13276_1::Default" type="raster"/>
      <Layer selected="false" title="NOAA Chart Portsmouth To Cape Ann" name="massgis:NOAA.NOAA_13278_1" style="NOAA.NOAA_13278_1::Default" type="raster"/>
      <Layer selected="false" title="NOAA Chart Hampton Harbor" name="massgis:NOAA.NOAA_13278_2" style="NOAA.NOAA_13278_2::Default" type="raster"/>
      <Layer selected="false" title="NOAA Chart Ipswich Bay To Gloucester Harbor" name="massgis:NOAA.NOAA_13279_1" style="NOAA.NOAA_13279_1::Default" type="raster"/>
      <Layer selected="false" title="NOAA Chart Gloucester Harbor And Annisquam River" name="massgis:NOAA.NOAA_13281_1" style="NOAA.NOAA_13281_1::Default" type="raster"/>
      <Layer selected="false" title="NOAA Chart Newburyport Harbor and Plum Island Sound" name="massgis:NOAA.NOAA_13282_1" style="NOAA.NOAA_13282_1::Default" type="raster"/>
      <Layer selected="false" title="Boston Harbor 2m Resolution Sidescan Sonar Mosaic Hillshade" name="massgis:MORIS.BH_2MMBHS_RD" style="MORIS.BH_2MMBHS_RD::Default" type="raster"/>
      <Layer selected="false" title="Boston Harbor 30m Resolution Sidescan Sonar Mosaic Hillshade" name="massgis:MORIS.BH_30MHS_RD" style="MORIS.BH_30MHS_RD::Default" type="raster"/>
      <Layer selected="false" title="NE Cape Cod 4m Pseudocolor Sidescan Sonar Intensity Mosaic" name="massgis:MORIS.CC_PSEUDOCOLOR_BACKSCATTER_RD" style="MORIS.CC_PSEUDOCOLOR_BACKSCATTER_RD::Default" type="raster"/>
      <Layer selected="false" title="Nahant To Gloucester: 1m Resolution Sidescan Sonar Mosaic" name="massgis:MORIS.NAH2GLO_SS_MOS1M_RD" style="MORIS.NAH2GLO_SS_MOS1M_RD::Default" type="raster"/>
      <Layer selected="false" title="Boston Harbor 5m Sidescan Sonar Mosaic" name="massgis:MORIS.BH_5MBS_RD" style="MORIS.BH_5MBS_RD::Default" type="raster"/>
      <Layer selected="false" title="Boston Harbor 1m Sidescan Sonar Mosaic" name="massgis:MORIS.BH_1MBS_RD" style="MORIS.BH_1MBS_RD::Default" type="raster"/>
      <Layer selected="false" title="Stellwagen Bank Sun Illuminated Topographic Imagery" name="massgis:MORIS.SUNILLUM_RD" style="MORIS.SUNILLUM_RD::Default" type="raster"/>
      <Layer selected="false" title="NE Cape Cod 4m Sun Illuminated Topographic Imagery" name="massgis:MORIS.CC_SUN_ILLUM_BATHY_RD" style="MORIS.CC_SUN_ILLUM_BATHY_RD::Default" type="raster"/>
      <Layer selected="false" title="Nahant To Gloucester Bottom Type" name="massgis:MORIS.NAH2GLO_MLCLASS5_RD" style="MORIS.NAH2GLO_MLCLASS5_RD::Default" type="raster"/>
      <Layer selected="false" title="Stellwagen Bank Terrain Ruggedness Analysis" name="massgis:MORIS.RUGGED_RD" style="MORIS.RUGGED_RD::Default" type="raster"/>
      <Layer selected="false" title="Elevation 5K" name="massgis:GISDATA.IMG_ELEV5K_I" style="GISDATA.IMG_ELEV5K_I::Default" type="raster"/>
      <Layer selected="false" title="Shaded Relief 5K" name="massgis:GISDATA.IMG_SHDREL5K" style="GISDATA.IMG_SHDREL5K::Default" type="raster"/>
      <Layer selected="false" title="Impervious Surface" name="massgis:GISDATA.IMG_IMPERVIOUSSURFACE" style="GISDATA.IMG_IMPERVIOUSSURFACE::Default" type="raster"/>
      <Layer selected="false" title="USGS Color Ortho Imagery 2008 30cm" name="massgis:GISDATA.IMG_COQ2008_30CM" style="GISDATA.IMG_COQ2008_30CM::Default" type="raster"/>
      <Layer selected="false" title="2005 Color Orthos" name="massgis:GISDATA.IMG_COQ2005" style="GISDATA.IMG_COQ2005::Default" type="raster"/>
      <Layer selected="false" title="2001 Color Orthos" name="massgis:GISDATA.IMG_COQ2001" style="GISDATA.IMG_COQ2001::Default" type="raster"/>
      <Layer selected="false" title="1990s Black and White Orthos" name="massgis:GISDATA.IMG_BWORTHOS" style="GISDATA.IMG_BWORTHOS::Default" type="raster"/>
      <Layer selected="false" title="1994 Coastal Color Ortho Mainland" name="massgis:GISDATA.IMG_COLOROQ1" style="GISDATA.IMG_COLOROQ1::Default" type="raster"/>
      <Layer selected="false" title="1994 Coastal Color Ortho Island" name="massgis:GISDATA.IMGCAT_COLOROQ1" style="GISDATA.IMGCAT_COLOROQ1::Default" type="raster"/>
      <Layer selected="false" title="USGS Topographic Maps" name="massgis:GISDATA.IMG_USGSQUADM" style="GISDATA.IMG_USGSQUADM::Default" type="raster"/>
      <Layer selected="false" title="USGS Historical Coastal Topographic Map Image c 1900" name="massgis:GISDATA.IMG_USGS_HIST_COASTAL" style="GISDATA.IMG_USGS_HIST_COASTAL::Default" type="raster"/>
      <Layer selected="false" title="USGS Surficial Geology Topographic Base Map Images" name="massgis:GISDATA.IMG_USGSQUAD_SGBASE" style="GISDATA.IMG_USGSQUAD_SGBASE::Default" type="raster"/>
      <Layer selected="false" title="Modeled Wind Speed at 30M" name="massgis:GISDATA.IMG_WIND_SPD30M" style="GISDATA.IMG_WIND_SPD30M::Default" type="raster"/>
      <Layer selected="false" title="Modeled Wind Speed at 50M" name="massgis:GISDATA.IMG_WIND_SPD50M" style="GISDATA.IMG_WIND_SPD50M::Default" type="raster"/>
      <Layer selected="false" title="Modeled Wind Speed at 70M" name="massgis:GISDATA.IMG_WIND_SPD70M" style="GISDATA.IMG_WIND_SPD70M::Default" type="raster"/>
      <Layer selected="false" title="Modeled Wind Speed at 100M" name="massgis:GISDATA.IMG_WIND_SPD100M" style="GISDATA.IMG_WIND_SPD100M::Default" type="raster"/>
      <Layer selected="false" title="1 Minute Lat Long Grid" style="GISDATA.MINLL1_ARC::Default" name="massgis:GISDATA.MINLL1_ARC" type="line"/>
      <Layer selected="false" title="10 Minute Lat Long Grid" style="GISDATA.MINLL10_ARC::Default" name="massgis:GISDATA.MINLL10_ARC" type="line"/>
      <Layer selected="false" title="Bathymetry: All MA Waters (fathoms)" style="MORIS.BATHY_FATHOMS_POLY::Default" name="massgis:MORIS.BATHY_FATHOMS_POLY" type="poly"/>
      <Layer selected="false" title="Bathymetry of the Gulf of Maine" style="MORIS.GOM15CTR_ARC::Default" name="massgis:MORIS.GOM15CTR_ARC" type="line"/>
      <Layer selected="false" title="Bathymetry of Stellwagen Bank" style="MORIS.BATHY_ARC::Default" name="massgis:MORIS.BATHY_ARC" type="line"/>
      <Layer selected="false" title="Bathymetry: New York Bight and Gulf of Maine" style="MORIS.NY_GOME_CONTOURS_ARC::Default" name="massgis:MORIS.NY_GOME_CONTOURS_ARC" type="line"/>
      <Layer selected="false" title="Boston Harbor 2m Multibeam Bathymetry" name="massgis:MORIS.BH_2MMBBATH_RD" style="MORIS.BH_2MMBBATH_RD::Default" type="raster"/>
      <Layer selected="false" title="Nahant To Gloucester Bathymetry" name="massgis:MORIS.NAH2GLO_SE_5MBATH_RD" style="MORIS.NAH2GLO_SE_5MBATH_RD::Default" type="raster"/>
      <Layer selected="false" title="2001 Color Orthophotos" style="" name="massgis:GISDATA.IMG_COQ2001" type="raster"/>
      <Layer selected="false" title="2005 Color Orthophotos" style="" name="massgis:GISDATA.IMG_COQ2005" type="raster"/>
      <Layer selected="false" title="USGS 2008 Color Orthophotos 30cm" style="" name="massgis:GISDATA.IMG_COQ2008_30CM" type="raster"/>
      <Layer selected="false" title="Contours 3m" style="GISDATA.CONTOURS5K_ARC::Default" name="massgis:GISDATA.CONTOURS5K_ARC" type="line"/>
      <Layer selected="false" title="Contours 3m Labels" style="GISDATA.CONTOURS5K_ARC::Labels_Meters" name="massgis:GISDATA.CONTOURS5K_ARC" type="line"/>
      <Layer selected="false" title="Mega Basins" style="GISDATA.MEGABASINS_POLY::Default" name="massgis:GISDATA.MEGABASINS_POLY" type="poly"/>
      <Layer selected="false" title="Major Basins" style="GISDATA.MAJBAS_POLY::Default" name="massgis:GISDATA.MAJBAS_POLY" type="poly"/>
      <Layer selected="false" title="Sub Basins" style="GISDATA.SUBBASINS_POLY::Default" name="massgis:GISDATA.SUBBASINS_POLY" type="poly"/>
      <Layer selected="false" title="HUC 8 Basins" style="GISDATA.NRCSHUC8_POLY::Default" name="massgis:GISDATA.NRCSHUC8_POLY" type="poly"/>
      <Layer selected="false" title="HUC 10 Basins" style="GISDATA.NRCSHUC10_POLY::Default" name="massgis:GISDATA.NRCSHUC10_POLY" type="poly"/>
      <Layer selected="false" title="HUC 12 Basins" style="GISDATA.NRCSHUC12_POLY::Default" name="massgis:GISDATA.NRCSHUC12_POLY" type="poly"/>
      <Layer selected="false" title="USGS Water Bodies 25k" style="GISDATA.HYDRO25K_POLY::Default" name="massgis:GISDATA.HYDRO25K_POLY" type="poly"/>
      <Layer selected="false" title="USGS Rivers and Streams 25k" style="GISDATA.HYDRO25K_ARC::Default" name="massgis:GISDATA.HYDRO25K_ARC" type="line"/>
      <Layer selected="false" title="CZM Regions" name="massgis:GISDATA.REGCZM_POLY" style="GISDATA.REGCZM_POLY::Default" type="poly"/>
      <Layer selected="false" title="MA Lateral Boundaries" style="MORIS.MASS_LATERAL_BOUNDARIES_ARC::Default" name="massgis:MORIS.MASS_LATERAL_BOUNDARIES_ARC" type="line"/>
      <Layer selected="false" title="MA County Boundaries Extending Offshore" style="Black_Outlines" name="massgis:GISDATA.COUNTYNC_POLY" type="poly"/>
      <Layer selected="false" title="MA State Boundary" style="GISDATA.OUTLINE25K_ARC::Default" name="massgis:GISDATA.OUTLINE25K_ARC" type="line"/>
      <Layer selected="false" title="Environmental Sensitivity Analysis - Index" style="MORIS.ESI_MAP_INDEX_POLY::Default" name="massgis:MORIS.ESI_MAP_INDEX_POLY" type="poly"/>
      <Layer selected="false" title="Environmental Sensitivity Analysis - Birds" style="MORIS.ESI_BIRDS_POLY::Default" name="massgis:MORIS.ESI_BIRDS_POLY" type="poly"/>
      <Layer selected="false" title="Environmental Sensitivity Analysis - Fish" style="MORIS.ESI_FISH_POLY::Default" name="massgis:MORIS.ESI_FISH_POLY" type="poly"/>
      <Layer selected="false" title="Environmental Sensitivity Analysis - Invertebrates" style="MORIS.ESI_INVERT_POLY::Default" name="massgis:MORIS.ESI_INVERT_POLY" type="poly"/>
      <Layer selected="false" title="Environmental Sensitivity Analysis - Mammals" style="MORIS.ESI_MAMMAL_POLY::Default" name="massgis:MORIS.ESI_MAMMAL_POLY" type="poly"/>
      <Layer selected="false" title="Environmental Sensitivity Analysis - Bird Nesting" style="MORIS.ESI_NESTS_PT::Default" name="massgis:MORIS.ESI_NESTS_PT" type="pt"/>
      <Layer selected="false" title="Environmental Sensitivity Analysis - Reptiles" style="MORIS.ESI_REPTILES_POLY::Default" name="massgis:MORIS.ESI_REPTILES_POLY" type="poly"/>
      <Layer selected="false" title="Environmental Sensitivity Analysis - Shoreline Classification Polys" style="MORIS.ESI_SHORECLASSP_POLY::Default" name="massgis:MORIS.ESI_SHORECLASSP_POLY" type="poly"/>
      <Layer selected="false" title="Environmental Sensitivity Analysis - Shoreline Classification Lines" style="MORIS.ESI_SHORECLASS_ARC::Default" name="massgis:MORIS.ESI_SHORECLASS_ARC" type="line"/>
        <Layer selected="false" title="Ascidiella aspersa (European Sea Squirt) 2008" style="MORIS.ASCIDIELLA_ASPERSA_2008_PT::Default" name="massgis:MORIS.ASCIDIELLA_ASPERSA_2008_PT" type="pt"/>
        <Layer selected="false" title="Botrylloides violaceus (Sheath Tunicate) 2008" style="MORIS.BOTRYLLOIDES_VIOLACEUS_2008_PT::Default" name="massgis:MORIS.BOTRYLLOIDES_VIOLACEUS_2008_PT" type="pt"/>
        <Layer selected="false" title="Botryllus schlosseri (Star Tunicate) 2008" style="MORIS.BOTRYLLUS_SCHLOSSERI_2008_PT::Default" name="massgis:MORIS.BOTRYLLUS_SCHLOSSERI_2008_PT" type="pt"/>
        <Layer selected="false" title="Carcinus maenas (Green Crab) 2008" style="MORIS.CARCINUS_MAENAS_2008_PT::Default" name="massgis:MORIS.CARCINUS_MAENAS_2008_PT" type="pt"/>
        <Layer selected="false" title="Codium fragile (Green Fleece) 2008" style="MORIS.CODIUM_FRAGILE_2008_PT::Default" name="massgis:MORIS.CODIUM_FRAGILE_2008_PT" type="pt"/>
        <Layer selected="false" title="Diadumene lineata (Orange Striped Anemone) 2008" style="MORIS.DIADUMENE_LINEATA_2008_PT::Default" name="massgis:MORIS.DIADUMENE_LINEATA_2008_PT" type="pt"/>
        <Layer selected="false" title="Didemnum vexillum (Colonial Tunicate) 2008" style="MORIS.DIDEMNUM_VEXILLUM_2008_PT::Default" name="massgis:MORIS.DIDEMNUM_VEXILLUM_2008_PT" type="pt"/>
        <Layer selected="false" title="Diplosoma listerianum (Colonial Tunicate) 2008" style="MORIS.DIPLOSOMA_LISTERIANUM_2008_PT::Default" name="massgis:MORIS.DIPLOSOMA_LISTERIANUM_2008_PT" type="pt"/>
        <Layer selected="false" title="Grateloupia turuturu (Red Algae) 2008" style="MORIS.GRATELOUPIA_TURUTURU_2008_PT::Default" name="massgis:MORIS.GRATELOUPIA_TURUTURU_2008_PT" type="pt"/>
        <Layer selected="false" title="Hemigrapsus sanguineus (Asian Shore Crab) 2008" style="MORIS.HEMIGRAPSUS_SANGUINEUS_2008_PT::Default" name="massgis:MORIS.HEMIGRAPSUS_SANGUINEUS_2008_PT" type="pt"/>
        <Layer selected="false" title="Membranipora membranacea (Lacy Crust) 2008" style="MORIS.MEMBRANIPORA_MEMBRANACEA_08_PT::Default" name="massgis:MORIS.MEMBRANIPORA_MEMBRANACEA_08_PT" type="pt"/>
        <Layer selected="false" title="Ostrea edulis (European Oyster) 2008" style="MORIS.OSTREA_EDULIS_2008_PT::Default" name="massgis:MORIS.OSTREA_EDULIS_2008_PT" type="pt"/>
        <Layer selected="false" title="Styela clava (Club Tunicate) 2008" style="MORIS.STYELA_CLAVA_2008_PT::Default" name="massgis:MORIS.STYELA_CLAVA_2008_PT" type="pt"/>
        <Layer selected="false" title="MIMIC 2008 Monitoring Sites" style="MORIS.MIMIC_SITES_2008_PT::Default" name="massgis:MORIS.MIMIC_SITES_2008_PT" type="pt"/>
      <Layer selected="false" title="NHESP 2006 Priority Habitats of Rare Species" style="GISDATA.PRIHAB_POLY::Default" name="massgis:GISDATA.PRIHAB_POLY" type="poly"/>
      <Layer selected="false" title="NHESP 2006 Estimated Habitats of Rare Wildlife" style="GISDATA.ESTHAB_POLY::Default" name="massgis:GISDATA.ESTHAB_POLY" type="poly"/>
      <Layer selected="false" title="Nahant To Gloucester Bedrock Depth" name="massgis:MORIS.NAH2GLO_BEDROCK_DEPTH_RD" style="MORIS.NAH2GLO_BEDROCK_DEPTH_RD::Default" type="raster"/>
      <Layer selected="false" title="Nahant To Gloucester Bottom Type" name="massgis:MORIS.NAH2GLO_MLCLASS5_RD" style="MORIS.NAH2GLO_MLCLASS5_RD::Default" type="raster"/>
      <Layer selected="false" title="Stellwagen Bank Terrain Ruggedness Analysis" name="massgis:MORIS.RUGGED_RD" style="MORIS.RUGGED_RD::Default" type="raster"/>
      <Layer selected="false" title="usSEABED Calculated Surficial Sediment Data" style="MORIS.ATL_CLC_PT::Default" name="massgis:MORIS.ATL_CLC_PT" type="pt"/>
      <Layer selected="false" title="usSEABED Component and Features Surficial Sediment Data" style="MORIS.ATL_CMP_PT::Default" name="massgis:MORIS.ATL_CMP_PT" type="pt"/>
      <Layer selected="false" title="usSEABED Extracted Surficial Sediment Data" style="MORIS.ATL_EXT_PT::Default" name="massgis:MORIS.ATL_EXT_PT" type="pt"/>
      <Layer selected="false" title="usSEABED Facies Surficial Sediment Data" style="MORIS.ATL_FAC_PT::Default" name="massgis:MORIS.ATL_FAC_PT" type="pt"/>
      <Layer selected="false" title="usSEABED Parsed Surficial Sediment Data" style="MORIS.ATL_PRS_PT::Default" name="massgis:MORIS.ATL_PRS_PT" type="pt"/>
      <Layer selected="false" title="Bedrock Outcrops: Stellwagen Bank National Marine Sanctuary" style="MORIS.BEDROCK_POLY::Default" name="massgis:MORIS.BEDROCK_POLY" type="poly"/>
      <Layer selected="false" title="Defined Map Units of the seafloor of Boston Harbor and Approaches" style="MORIS.BH_BOTTOMTYPE_POLY::Default" name="massgis:MORIS.BH_BOTTOMTYPE_POLY" type="poly"/>
      <Layer selected="false" title="Composite Bathymetry Boundaries from Boston Harbor and Approaches" style="MORIS.BH_COMPOSITEBATHYBNDS_POLY::Default" name="massgis:MORIS.BH_COMPOSITEBATHYBNDS_POLY" type="poly"/>
      <Layer selected="false" title="Multibeam Bathymetry Boundaries from Boston Harbor and Approaches" style="MORIS.BH_MULTIBEAMBATHYBNDS_POLY::Default" name="massgis:MORIS.BH_MULTIBEAMBATHYBNDS_POLY" type="poly"/>
      <Layer selected="false" title="Surficial sediment data from USGS Field Activity 04019" style="MORIS.BH_SEDGRABS_PT::Default" name="massgis:MORIS.BH_SEDGRABS_PT" type="pt"/>
      <Layer selected="false" title="Survey Lines of the Sidescan Sonar System of Boston Harbor and Approaches" style="MORIS.BH_SURVEYLINES_SSS_ARC::Default" name="massgis:MORIS.BH_SURVEYLINES_SSS_ARC" type="line"/>
      <Layer selected="false" title="Cape Cod and the Islands Geologic Map" style="MORIS.CAPE_GEOLGEOG_POLY::Default" name="massgis:MORIS.CAPE_GEOLGEOG_POLY" type="poly"/>
      <Layer selected="false" title="NE Cape Cod: Surficial Sediment Distribution" style="MORIS.CC_SED_DIST_POLY::Default" name="massgis:MORIS.CC_SED_DIST_POLY" type="poly"/>
      <Layer selected="false" title="NE Cape Cod: Sedimentary Environments" style="MORIS.CC_SED_ENVIRON_POLY::Default" name="massgis:MORIS.CC_SED_ENVIRON_POLY" type="poly"/>
      <Layer selected="false" title="NE Cape Cod: Sediment Data" style="MORIS.CC_SURFICIAL_SED_PT::Default" name="massgis:MORIS.CC_SURFICIAL_SED_PT" type="pt"/>
      <Layer selected="false" title="Bedrock Data from Western Cape Cod" style="MORIS.CC_WELLSITE_PT::Default" name="massgis:MORIS.CC_WELLSITE_PT" type="pt"/>
      <Layer selected="false" title="Sediment Grainsize Distribution for the Continental Margin" style="MORIS.CONMAPSG_POLY::Default" name="massgis:MORIS.CONMAPSG_POLY" type="poly"/>
      <Layer selected="false" title="Nahant To Gloucester: Physiographic Zones Inshore" style="MORIS.NAH2GLO_PHYS_ZONES_IN_POLY::Default" name="massgis:MORIS.NAH2GLO_PHYS_ZONES_IN_POLY" type="poly"/>
      <Layer selected="false" title="Nahant To Gloucester: Physiographic Zones" style="MORIS.NAH2GLO_PHYS_ZONES_POLY::Default" name="massgis:MORIS.NAH2GLO_PHYS_ZONES_POLY" type="poly"/>
        <Layer selected="false" title="Stellwagen Bank Backscatter Instensity and Sun Illuminated Topography" name="massgis:MORIS.BCKSCTTER_RD" style="MORIS.BCKSCTTER_RD::Default" type="raster"/>
        <Layer selected="false" title="Boston Harbor 1m Sidescan Sonar Mosaic" name="massgis:MORIS.BH_1MBS_RD" style="MORIS.BH_1MBS_RD::Default" type="raster"/>
        <Layer selected="false" title="Boston Harbor 2m Multibeam Bathymetry" name="massgis:MORIS.BH_2MMBBATH_RD" style="MORIS.BH_2MMBBATH_RD::Default" type="raster"/>
        <Layer selected="false" title="Boston Harbor 30m Resolution Sidescan Sonar Mosaic Hillshade" name="massgis:MORIS.BH_30MHS_RD" style="MORIS.BH_30MHS_RD::Default" type="raster"/>
        <Layer selected="false" title="Boston Harbor 5m Sidescan Sonar Mosaic" name="massgis:MORIS.BH_5MBS_RD" style="MORIS.BH_5MBS_RD::Default" type="raster"/>
        <Layer selected="false" title="NE Cape Cod 4m Backscatter Intensity Mosaic" name="massgis:MORIS.CC_BACKSCATTER_RD" style="MORIS.CC_BACKSCATTER_RD::Default" type="raster"/>
        <Layer selected="false" title="NE Cape Cod 4m Pseudocolor Sidescan Sonar Intensity Mosaic" name="massgis:MORIS.CC_PSEUDOCOLOR_BACKSCATTER_RD" style="MORIS.CC_PSEUDOCOLOR_BACKSCATTER_RD::Default" type="raster"/>
        <Layer selected="false" title="NE Cape Cod 4m Sun Illuminated Topographic Imagery" name="massgis:MORIS.CC_SUN_ILLUM_BATHY_RD" style="MORIS.CC_SUN_ILLUM_BATHY_RD::Default" type="raster"/>
        <Layer selected="false" title="Nahant To Gloucester: 1m Resolution Sidescan Sonar Mosaic" name="massgis:MORIS.NAH2GLO_SS_MOS1M_RD" style="MORIS.NAH2GLO_SS_MOS1M_RD::Default" type="raster"/>
        <Layer selected="false" title="Stellwagen Bank Sun Illuminated Topographic Imagery" name="massgis:MORIS.SUNILLUM_RD" style="MORIS.SUNILLUM_RD::Default" type="raster"/>
      <Layer selected="false" title="Barrier Beaches" style="GISDATA.BARRIERB_POLY::Default" name="massgis:GISDATA.BARRIERB_POLY" type="poly"/>
      <Layer selected="false" title="Shoreline Change" style="GISDATA.SHORELINES_ARC::Default" name="massgis:GISDATA.SHORELINES_ARC" type="line"/>
      <Layer selected="false" title="Enviromental Monitoring Buoys in New England" style="MORIS.NBDC_BUOYS_PT::Default" name="massgis:MORIS.NBDC_BUOYS_PT" type="pt"/>
      <Layer selected="false" title="Hurricane Tracks for the Atlantic Basin 1851 - 2008" style="MORIS.ATL_HURTRACK_ARC::Default" name="massgis:MORIS.ATL_HURTRACK_ARC" type="line"/>
      <Layer selected="false" title="Hurricanes Making Landfall in New England 1851 - 2008" style="MORIS.NE_HURTRACK_ARC::Default" name="massgis:MORIS.NE_HURTRACK_ARC" type="line"/>
      <Layer selected="false" title="Tidal Currents Greater Than 3 Knots" style="MORIS.TIDAL_CURRENTS_GT_3KNOTS_PT::Default" name="massgis:MORIS.TIDAL_CURRENTS_GT_3KNOTS_PT" type="pt"/>
      <Layer selected="false" title="Tide Gauge Stations" style="MORIS.TIDE_STATIONS_PT::Default" name="massgis:MORIS.TIDE_STATIONS_PT" type="pt"/>
     <Layer selected="false" title="Lobster Harvest: Massachusetts 1990 - 2001" style="MORIS.LOBSTER_HARVEST_POLY::Default" name="massgis:MORIS.LOBSTER_HARVEST_POLY" type="poly"/>
      <Layer selected="false" title="Shellfish Suitability" style="GISDATA.SHELLFISHSUIT_POLY::Default" name="massgis:GISDATA.SHELLFISHSUIT_POLY" type="poly"/>
      <Layer selected="false" title="Shellfish Landings MA 1990-2001" style="MORIS.SHELLFISH_LANDINGS_POLY::Default" name="massgis:MORIS.SHELLFISH_LANDINGS_POLY" type="poly"/>
      <Layer selected="false" title="Striped Bass Harvest: Massachusetts 1990 - 2001" style="MORIS.STRIPEDBASS_HARVEST_POLY::Default" name="massgis:MORIS.STRIPEDBASS_HARVEST_POLY" type="poly"/>
      <Layer selected="false" title="Artificial Reefs" style="MORIS.ARTIFICIAL_REEFS_PT::Default" name="massgis:MORIS.ARTIFICIAL_REEFS_PT" type="pt"/>
      <Layer selected="false" title="Designated Shellfish Growing Areas Polys" style="GISDATA.DSGA_POLY::Default" name="massgis:GISDATA.DSGA_POLY" type="poly"/>
      <Layer selected="false" title="Shellfish Sampling Stations" style="GISDATA.SHLFSHST_PT::Default" name="massgis:GISDATA.SHLFSHST_PT" type="pt"/>
      <Layer selected="false" title="Marine Managed Areas: National Marine Fisheries Service" style="MORIS.MPA_NMFS_MA_POLY::Default" name="massgis:MORIS.MPA_NMFS_MA_POLY" type="poly"/>
      <Layer selected="false" title="Algonquin Hubline LNG Pipeline" style="MORIS.ALGONQUIN_HUBLINE_LNG_ARC::Default" name="massgis:MORIS.ALGONQUIN_HUBLINE_LNG_ARC" type="line"/>
      <Layer selected="false" title="Northeast Gateway LNG Pipeline" style="MORIS.NE_GATEWAY_LNG_ARC::Default" name="massgis:MORIS.NE_GATEWAY_LNG_ARC" type="line"/>
      <Layer selected="false" title="Neptune LNG Pipeline" style="MORIS.NEPTUNE_LNG_ARC::Default" name="massgis:MORIS.NEPTUNE_LNG_ARC" type="line"/>
      <Layer selected="false" title="Harwich To Nantucket Electric Cable" style="MORIS.HAR_NAN_CABLE_ARC::Default" name="massgis:MORIS.HAR_NAN_CABLE_ARC" type="line"/>
      <Layer selected="false" title="Hyannis To Nantucket Electric Cable" style="MORIS.HYAN_NAN_CABLE_ARC::Default" name="massgis:MORIS.HYAN_NAN_CABLE_ARC" type="line"/>
      <Layer selected="false" title="Dredge Projects (USACE), Historical - 1998" style="MORIS.DREDGE_USACE_POLY::Default" name="massgis:MORIS.DREDGE_USACE_POLY" type="poly"/>
      <Layer selected="false" title="Dredge Projects (USACE), Historical - 1998 (points)" style="MORIS.DREDGE_USACE_PT::Default" name="massgis:MORIS.DREDGE_USACE_PT" type="pt"/>
      <Layer selected="false" title="Dams In The Coastal Zone 1995" style="MORIS.DAMS_CZ_1995_PT::Default" name="massgis:MORIS.DAMS_CZ_1995_PT" type="pt"/>
      <Layer selected="false" title="Desalinization Plants 2006" style="MORIS.DESALINIZATION_PLANTS_POLY::Default" name="massgis:MORIS.DESALINIZATION_PLANTS_POLY" type="pt"/>
      <Layer selected="false" title="Lighthouses" style="GISDATA.LIGHTHOUSES_PT::Default" name="massgis:GISDATA.LIGHTHOUSES_PT" type="pt"/>
      <Layer selected="false" title="Massachusetts Tidal Energy Co. Footprint" style="MORIS.MA_TIDAL_ENERGY_POLY::Default" name="massgis:MORIS.MA_TIDAL_ENERGY_POLY" type="poly"/>
      <Layer selected="false" title="Proposed Cape Wind Turbine Locations" style="MORIS.CAPE_WIND_PT::Default" name="massgis:MORIS.CAPE_WIND_PT" type="pt"/>
      <Layer selected="false" title="United States Coast Guard Bases" style="MORIS.USCG_BASES_PT::Default" name="massgis:MORIS.USCG_BASES_PT" type="pt"/>
      <Layer selected="false" title="MWRA Outfall Pipe" style="MORIS.OUTFPIPE_ARC::Default" name="massgis:MORIS.OUTFPIPE_ARC" type="line"/>
      <Layer selected="false" title="Massachusetts Bay Outfall Diffusers" style="MORIS.DIFFUSERS_PT::Default" name="massgis:MORIS.DIFFUSERS_PT" type="pt"/>
      <Layer selected="false" title="Boating Usage Arcs" style="MORIS.BOATING_USAGE_ARC::Default" name="massgis:MORIS.BOATING_USAGE_ARC" type="line"/>
      <Layer selected="false" title="Boating Usage Polys" style="MORIS.BOATING_USAGE_POLY::Default" name="massgis:MORIS.BOATING_USAGE_POLY" type="poly"/>
      <Layer selected="false" title="Marinas 2007" style="MORIS.MARINAS_PT::Default" name="massgis:MORIS.MARINAS_PT" type="pt"/>
      <Layer selected="false" title="Mooring Fields" style="MORIS.MOORING_FIELDS_POLY::Default" name="massgis:MORIS.MOORING_FIELDS_POLY" type="poly"/>
      <Layer selected="false" title="Chapter 91 Points Massachusetts Public Waterfront Act" style="MORIS.CHAPTER91_PT_S_V::Default" name="massgis:MORIS.CHAPTER91_PT_S_V" type="pt"/>
      <Layer selected="false" title="Coastguide Coastal Access Site Photos" style="MORIS.COASTGUIDE_GPS_PT::Default" name="massgis:MORIS.COASTGUIDE_GPS_PT" type="pt"/>
      <Layer selected="false" title="Coastguide Coastal Hiking Trails" style="MORIS.COASTGUIDE_TRAIL_MARKER_PT::Default" name="massgis:MORIS.COASTGUIDE_TRAIL_MARKER_PT" type="pt"/>
      <Layer selected="false" title="Marine Beaches Points" style="GISDATA.MARINEBEACHES_PT::Default" name="massgis:GISDATA.MARINEBEACHES_PT" type="pt"/>
      <Layer selected="false" title="Marine Beaches Arcs" style="GISDATA.MARINEBEACHES_ARC::Default" name="massgis:GISDATA.MARINEBEACHES_ARC" type="line"/>
      <Layer selected="false" title="Dive Sites 2007" style="MORIS.DIVE_SITES_PT::Default" name="massgis:MORIS.DIVE_SITES_PT" type="pt"/>
      <Layer selected="false" title="Nearshore Ocean Management Planning Area Boundary" style="MORIS.OM_NEARSHORE_BOUND_ARC::Default" name="massgis:MORIS.OM_NEARSHORE_BOUND_ARC" type="line"/>
      <Layer selected="false" title="Massachusetts Bay Closure Lines" style="MORIS.BAY_CLOSURE_LINES_ARC::Default" name="massgis:MORIS.BAY_CLOSURE_LINES_ARC" type="line"/>
      <Layer selected="false" title="Ocean Management 1km2 Grid (Exact)" style="Black_Outlines" name="massgis:MORIS.OM_1000M_GRID_EXACT_POLY" type="poly"/>
      <Layer selected="false" title="Ocean Management 1km2 Grid" style="Black_Outlines" name="massgis:MORIS.OM_1000M_GRID_POLY" type="poly"/>
      <Layer selected="false" title="Ocean Management 250m2 Grid (Exact)" style="MORIS.OM_250M_GRID_EXACT_POLY::Default" name="massgis:MORIS.OM_250M_GRID_EXACT_POLY" type="poly"/>
      <Layer selected="false" title="Ocean Management 250m2 Grid" style="MORIS.OM_250M_GRID_POLY::Default" name="massgis:MORIS.OM_250M_GRID_POLY" type="poly"/>
      <Layer selected="false" title="MA Coastal Zones Polygons" style="GISDATA.CSTZONE_POLY::Default" name="massgis:GISDATA.CSTZONE_POLY" type="poly"/>
      <Layer selected="false" title="MA Coastal Zone Barrier Boundaries" style="Black_Outlines" name="massgis:MORIS.GEOREG_CBRA_POLY" type="poly"/>
      <Layer selected="false" title="MA Areas of Critical Environmental Concern ACECs" style="Black_Outlines" name="massgis:MORIS.GEOREG_ACEC_POLY" type="poly"/>
      <Layer selected="false" title="MA Outstanding Resource Waters Polygons" style="GISDATA.ORW_POLY::Default" name="massgis:GISDATA.ORW_POLY" type="poly"/>
      <Layer selected="false" title="401 Water Quality Certification for Dredging" style="Black_Outlines" name="massgis:MORIS.GEOREG_401_WQCD_POLY" type="poly"/>
      <Layer selected="false" title="Barrier Beaches (Executive Order No. 181)" style="Black_Outlines" name="massgis:MORIS.GEOREG_BARB_POLY" type="poly"/>
      <Layer selected="false" title="Massachusetts State Building Code" style="Black_Outlines" name="massgis:MORIS.GEOREG_BUILD_POLY" type="poly"/>
      <Layer selected="false" title="Federal Consistency Review" style="Black_Outlines" name="massgis:MORIS.GEOREG_FCR_POLY" type="poly"/>
      <Layer selected="false" title="State Fisheries Regulations" style="Black_Outlines" name="massgis:MORIS.GEOREG_FISH_POLY" type="poly"/>
      <Layer selected="false" title="Flood Plains (Executive Order No. 149: FEMA and Flood Plain Use)" style="Black_Outlines" name="massgis:MORIS.GEOREG_FLOOD_POLY" type="poly"/>
      <Layer selected="false" title="Historic District" style="MORIS.GEOREG_HDA_POLY::Default" name="massgis:MORIS.GEOREG_HDA_POLY" type="poly"/>
      <Layer selected="false" title="Hazardous Materials Guide" style="Black_Outlines" name="massgis:MORIS.GEOREG_HMR_POLY" type="poly"/>
      <Layer selected="false" title="Interbasin Transfer Act" style="Black_Outlines" name="massgis:MORIS.GEOREG_ITA_POLY" type="poly"/>
      <Layer selected="false" title="Massachusetts Clean Air Act" style="Black_Outlines" name="massgis:MORIS.GEOREG_MCAA_POLY" type="poly"/>
      <Layer selected="false" title="Massachusetts Clean Water Act" style="Black_Outlines" name="massgis:MORIS.GEOREG_MCWA_POLY" type="poly"/>
      <Layer selected="false" title="Massachusetts Coastal Wetlands Restrictions" style="Black_Outlines" name="massgis:MORIS.GEOREG_MCWR_POLY" type="poly"/>
      <Layer selected="false" title="Massachusetts Coastal Zone Management Act" style="Black_Outlines" name="massgis:MORIS.GEOREG_MCZ_POLY" type="poly"/>
      <Layer selected="false" title="Massachusetts Environmental Policy Act" style="Black_Outlines" name="massgis:MORIS.GEOREG_MEPA_POLY" type="poly"/>
      <Layer selected="false" title="Massachusetts Endangered Species Act" style="Black_Outlines" name="massgis:MORIS.GEOREG_MESA_POLY" type="poly"/>
      <Layer selected="false" title="Zoning By-Laws (Massachusetts Zoning Act)" style="Black_Outlines" name="massgis:MORIS.GEOREG_MZA_POLY" type="poly"/>
      <Layer selected="false" title="Ocean Sanctuaries Act" style="Black_Outlines" name="massgis:MORIS.GEOREG_OSA_POLY" type="poly"/>
      <Layer selected="false" title="Public Waterfront Act (Ch. 91)" style="Black_Outlines" name="massgis:MORIS.GEOREG_PWACH91_POLY" type="poly"/>
      <Layer selected="false" title="Solid Waste Requirements" style="Black_Outlines" name="massgis:MORIS.GEOREG_SWR_POLY" type="poly"/>
      <Layer selected="false" title="State Environmental Code (Title 5)" style="Black_Outlines" name="massgis:MORIS.GEOREG_TITLE5_POLY" type="poly"/>
      <Layer selected="false" title="Underwater Archaeological Resources" style="Black_Outlines" name="massgis:MORIS.GEOREG_UAR_POLY" type="poly"/>
      <Layer selected="false" title="Water Management Act" style="Black_Outlines" name="massgis:MORIS.GEOREG_WMA_POLY" type="poly"/>
      <Layer selected="false" title="Massachusetts Wetlands Protection Act and River Protection Act" style="Black_Outlines" name="massgis:MORIS.GEOREG_WPA_POLY" type="poly"/>
      <Layer selected="false" title="Marine Protected Areas: Right Whale Critical Habitat" style="MORIS.RIGHT_WHALE_CRIT_HAB_POLY::Default" name="massgis:MORIS.RIGHT_WHALE_CRIT_HAB_POLY" type="poly"/>
      <Layer selected="false" title="Wildlife Management Areas/Natural Heritage Areas" style="Black_Outlines" name="massgis:MORIS.WMA_NHA_POLY" type="poly"/>
      <Layer selected="false" title="Digital Offshore Cadastre - Atlantic83 - Baseline Points" style="MORIS.ATBSLNPT_PT::Default" name="massgis:MORIS.ATBSLNPT_PT" type="pt"/>
      <Layer selected="false" title="Digital Offshore Cadastre - Atlantic83 - OCS Blocks" style="MORIS.BLK_CLP_POLY::Default" name="massgis:MORIS.BLK_CLP_POLY" type="poly"/>
      <Layer selected="false" title="Digital Offshore Cadastre - Atlantic83 - Submerged Lands Act (SLA) Boundary Line" style="MORIS.SLA_ARC::Default" name="massgis:MORIS.SLA_ARC" type="line"/>
      <Layer selected="false" title="Digital Offshore Cadastre - Atlantic83 - Continental Shelf Boundaries" style="MORIS.CSB_ARC::Default" name="massgis:MORIS.CSB_ARC" type="line"/>
      <Layer selected="false" title="Digital Offshore Cadastre - Atlantic83 - Limit of '8(g) Zone' Line" style="MORIS.LINE8G_ARC::Default" name="massgis:MORIS.LINE8G_ARC" type="line"/>
      <Layer selected="false" title="Digital Offshore Cadastre - Atlantic83 - Planning Area Outlines" style="MORIS.PLANAREA_POLY::Default" name="massgis:MORIS.PLANAREA_POLY" type="poly"/>
      <Layer selected="false" title="Digital Offshore Cadastre - Atlantic83 - Official Protraction Diagram (OPD) Outlines - Clip" style="MORIS.PROT_CLP_POLY::Default" name="massgis:MORIS.PROT_CLP_POLY" type="poly"/>
      <Layer selected="false" title="Digital Offshore Cadastre - Atlantic83 - Official Protraction Diagram (OPD) Outlines - Limit" style="MORIS.PROTLMT_POLY::Default" name="massgis:MORIS.PROTLMT_POLY" type="poly"/>
      <Layer selected="false" title="Army Corps of Engineers permits" style="Black_Outlines" name="massgis:MORIS.GEOREG_ACOE_PERMITS_POLY" type="poly"/>
      <Layer selected="false" title="Clean Air Act" style="Black_Outlines" name="massgis:MORIS.GEOREG_CAA_POLY" type="poly"/>
      <Layer selected="false" title="Coastal Barrier Resource Act" style="MORIS.GEOREG_CBRA_POLY::Default" name="massgis:MORIS.GEOREG_CBRA_POLY" type="poly"/>
      <Layer selected="false" title="Construction Stormwater General Permit" style="Black_Outlines" name="massgis:MORIS.GEOREG_CSGP_POLY" type="poly"/>
      <Layer selected="false" title="Federal Clean Water Act" style="Black_Outlines" name="massgis:MORIS.GEOREG_CWA_POLY" type="poly"/>
      <Layer selected="false" title="Sect. 404, Federal Pollution Control Act (Clean Water Act)" style="Black_Outlines" name="massgis:MORIS.GEOREG_CWA_404_POLY" type="poly"/>
      <Layer selected="false" title="Coastal Zone Management Act: Federal Consistency" style="Black_Outlines" name="massgis:MORIS.GEOREG_CZ_307_POLY" type="poly"/>
      <Layer selected="false" title="Coastal Zone Management Act" style="MORIS.GEOREG_CZMA_POLY::Default" name="massgis:MORIS.GEOREG_CZMA_POLY" type="poly"/>
      <Layer selected="false" title="Endangered Species Act" style="Black_Outlines" name="massgis:MORIS.GEOREG_ESA_POLY" type="poly"/>
      <Layer selected="false" title="Marine Mammal Protection Act" style="Black_Outlines" name="massgis:MORIS.GEOREG_MMPA_POLY" type="poly"/>
      <Layer selected="false" title="Marine Protected Areas: National Estuarine Reseach Reserves" style="MORIS.MPA_NERR_MA_POLY::Default" name="massgis:MORIS.MPA_NERR_MA_POLY" type="poly"/>
      <Layer selected="false" title="Marine Protected Areas: National Marine Sanctuaries" style="MORIS.MPA_NMS_MA_POLY::Default" name="massgis:MORIS.MPA_NMS_MA_POLY" type="poly"/>
      <Layer selected="false" title="National Environmental Policy Act" style="Black_Outlines" name="massgis:MORIS.GEOREG_NEPA_POLY" type="poly"/>
      <Layer selected="false" title="National Estuarine Research Reserve" style="MORIS.GEOREG_NERRS_POLY::Default" name="massgis:MORIS.GEOREG_NERRS_POLY" type="poly"/>
      <Layer selected="false" title="Gerry E. Studds Stellwagen Bank National Marine Sanctuary" style="MORIS.GEOREG_NMS_POLY::Default" name="massgis:MORIS.GEOREG_NMS_POLY" type="poly"/>
      <Layer selected="false" title="National Pollution Elimination Discharge System (NPDES)" style="Black_Outlines" name="massgis:MORIS.GEOREG_NPDES_POLY" type="poly"/>
      <Layer selected="false" title="National Park Service" style="Black_Outlines" name="massgis:MORIS.GEOREG_NPS_POLY" type="poly"/>
      <Layer selected="false" title="National Wildlife Refuge System" style="MORIS.GEOREG_NWR_POLY::Default" name="massgis:MORIS.GEOREG_NWR_POLY" type="poly"/>
      <Layer selected="false" title="Massachusetts General Programmatic Permit (ACOE Regulations)" style="Black_Outlines" name="massgis:MORIS.GEOREG_PGP_POLY" type="poly"/>
      <Layer selected="false" title="Resource Conservation and Recovery Act (RCRA)" style="Black_Outlines" name="massgis:MORIS.GEOREG_RCRA_POLY" type="poly"/>
      <Layer selected="false" title="Rivers and Harbors Act" style="Black_Outlines" name="massgis:MORIS.GEOREG_RHA_POLY" type="poly"/>
    <Layer selected="false" title="Year of Land Use pre 1999 Update" style="GISDATA.LUSTAT_POLY::Default" name="massgis:GISDATA.LUSTAT_POLY" type="poly"/>
    <Layer selected="false" title="Massachusetts Town Boundaries Labels" style="GISDATA.TOWNS_POLYM::Labels_Max_400000" name="massgis:GISDATA.TOWNS_POLYM" type="poly"/>
    <Layer selected="false" title="Geonames Hydrography" style="GISDATA.GEONAMES_LINE_HYDRO::Default" name="massgis:GISDATA.GEONAMES_LINE_HYDRO" type="line"/>
    <Layer selected="false" title="Geonames Hypsography" style="GISDATA.GEONAMES_LINE_HYPSO::Default" name="massgis:GISDATA.GEONAMES_LINE_HYPSO" type="line"/>
    <Layer selected="false" title="Geonames Places" style="GISDATA.GEONAMES_PT_PLACES::Default" name="massgis:GISDATA.GEONAMES_PT_PLACES" type="pt"/>
    <Layer selected="false" title="Latitude Longitude Graticules 1 Minute" style="GISDATA.MINLL1_ARC::Max_50000" name="massgis:GISDATA.MINLL1_ARC" type="line"/>
    <Layer selected="false" title="Shorelines" style="GISDATA.SHORELINES_ARC::Default" name="massgis:GISDATA.SHORELINES_ARC" type="line"/>
    <Layer selected="false" title="Transects" style="GISDATA.TRANSECTS_ARC::Default" name="massgis:GISDATA.TRANSECTS_ARC" type="line"/>
    <Layer selected="false" title="Coastal Color Orthos Islands" style="GISDATA.IMGCAT_COLOROQ1::Max_10000" name="massgis:GISDATA.IMGCAT_COLOROQ1" type="raster"/>
    <Layer selected="false" title="Coastal Color Orthos Mainland" style="GISDATA.IMG_COLOROQ1::Max_10000" name="massgis:GISDATA.IMG_COLOROQ1" type="raster"/>
        <Layer selected="false" title="12-nautucal mile Buffer" style="MORIS.RFI_12NM_BUFFER_ARC::Default" name="massgis:MORIS.RFI_12NM_BUFFER_ARC" type="line"/>
        <Layer selected="false" title="Area of Interest for Long-tailed Ducks" style="MORIS.RFI_AREA_OF_INTEREST_LTDU_POLY::Default" name="massgis:MORIS.RFI_AREA_OF_INTEREST_LTDU_POLY" type="poly"/>
        <Layer selected="false" title="Automatic Identification System (AIS): &gt;50 vessels per 250x250-meter grid cell in 2008" style="MORIS.RFI_AIS_GT50_POLY::Default" name="massgis:MORIS.RFI_AIS_GT50_POLY" type="poly"/>
        <Layer selected="false" title="Bathymetric Contours (meters)" style="MORIS.RFI_BATHY_CONTOURS_ARC::Default" name="massgis:MORIS.RFI_BATHY_CONTOURS_ARC" type="line"/>
        <Layer selected="false" title="Bathymetry (depth in meters)" style="MORIS.RFI_BATHYMETRY_RD::Default" name="massgis:MORIS.RFI_BATHYMETRY_RD" type="raster"/>
        <Layer selected="false" title="Boundary Accompanying the MA Request for Interest (RFI)" style="MORIS.RFI_BOUNDARY_ARC::Default" name="massgis:MORIS.RFI_BOUNDARY_ARC" type="line"/>
        <Layer selected="false" title="Fin Whales in the Southern Gulf of Maine - Interpolation of Sightings per Unit Effort (Quantile)" style="MORIS.OM_FIN_WHALES_POLY::Default" name="massgis:MORIS.OM_FIN_WHALES_POLY" type="poly"/>
        <Layer selected="false" title="Humpback Whales in the Southern Gulf of Maine - Interpolation of Sightings per Unit Effort (Quantile)" style="MORIS.OM_HUMPBACK_WHALES_POLY::Default" name="massgis:MORIS.OM_HUMPBACK_WHALES_POLY" type="poly"/>
        <Layer selected="false" title="Nantucket Lightship Closed Area" style="MORIS.MPA_NMFS_MA_POLY::NLCA" name="massgis:MORIS.MPA_NMFS_MA_POLY" type="poly"/>
        <Layer selected="false" title="Nantucket Lightship Habitat Closure Area" style="MORIS.MPA_NMFS_MA_POLY::NLHCA" name="massgis:MORIS.MPA_NMFS_MA_POLY" type="poly"/>
        <Layer selected="false" title="North Atlantic Right Whales in the Southern Gulf of Maine - Interpolation of Sightings per Unit Effort (Quantile)" style="MORIS.OM_NORTH_ATLANTIC_RIGHT_W_POLY::Default" name="massgis:MORIS.OM_NORTH_ATLANTIC_RIGHT_W_POLY" type="poly"/>
        <Layer selected="false" title="OCS Lease Blocks Labels" style="MORIS.BLK_CLP_POLY::Labels" name="massgis:MORIS.BLK_CLP_POLY" type="poly"/>
        <Layer selected="false" title="OCS Lease Blocks" style="MORIS.BLK_CLP_POLY::RFI_map" name="massgis:MORIS.BLK_CLP_POLY" type="poly"/>
        <Layer selected="false" title="Official Protraction Diagrams Labels" style="MORIS.PROT_CLP_POLY::Labels" name="massgis:MORIS.PROT_CLP_POLY" type="poly"/>
        <Layer selected="false" title="Official Protraction Diagrams" style="MORIS.PROT_CLP_POLY::RFI_map" name="massgis:MORIS.PROT_CLP_POLY" type="poly"/>
        <Layer selected="false" title="Prohibited Area" style="MORIS.OM_PROHIBITED_AREA_POLY::Default" name="massgis:MORIS.OM_PROHIBITED_AREA_POLY" type="poly"/>
        <Layer selected="false" title="Rhode Island Ocean SAMP Study Area" style="MORIS.RI_SAMP_POLY::Default" name="massgis:MORIS.RI_SAMP_POLY" type="poly"/>
        <Layer selected="false" title="RI/MA Area of Mutual Interest Boundary" style="MORIS.RI_MA_AMI_ARC::Default" name="massgis:MORIS.RI_MA_AMI_ARC" type="line"/>
        <Layer selected="false" title="Submerged Wrecks" style="MORIS.AWOIS_SUB_WRECKS_PT::Default" name="massgis:MORIS.AWOIS_SUB_WRECKS_PT" type="pt"/>
      <Layer selected="false" title="Wind Speed (meters/second)" style="MORIS.OM_WIND_SPEED_POLY::Default" name="massgis:MORIS.OM_WIND_SPEED_POLY" type="poly"/>
      <Layer selected="false" title="Wind Energy Areas (250-meter grid spacing)" style="MORIS.OM_WIND_ENERGY_AREAS_IDS_POLY::Default" name="massgis:MORIS.OM_WIND_ENERGY_AREAS_IDS_POLY" type="poly"/>
	<Layer selected="false" title="Wind Energy Areas" style="MORIS.OM_WIND_ENERGY_AREAS_POLY::Default" name="massgis:MORIS.OM_WIND_ENERGY_AREAS_POLY" type="poly"/>
	<Layer selected="false" title="Vessel Monitoring System (VMS)" style="MORIS.OM_VESSEL_MONITORING_SYS_POLY::Default" name="massgis:MORIS.OM_VESSEL_MONITORING_SYS_POLY" type="poly"/>
      <Layer selected="false" title="Surficial Sediments" style="MORIS.OM_SURFICIAL_SEDIMENTS_POLY::Default" name="massgis:MORIS.OM_SURFICIAL_SEDIMENTS_POLY" type="poly"/>
      <Layer selected="false" title="Submerged Wrecks" style="MORIS.AWOIS_SUB_WRECKS_PT::Default" name="massgis:MORIS.AWOIS_SUB_WRECKS_PT" type="pt"/>
      <Layer selected="false" title="Special Concern (Arctic, Least, and Common) Tern Core Habitat (250-meter grid spacing)" style="MORIS.OM_SC_TERN_CORE_HAB_IDS_POLY::Default" name="massgis:MORIS.OM_SC_TERN_CORE_HAB_IDS_POLY" type="poly"/>
      <Layer selected="false" title="Special Concern (Arctic, Least, and Common) Tern Foraging Areas" style="MORIS.OM_SC_TERN_FORAGE_POLY::Default" name="massgis:MORIS.OM_SC_TERN_FORAGE_POLY" type="poly"/>
      <Layer selected="false" title="Special Concern (Arctic, Least, and Common) Tern Core Habitat" style="MORIS.OM_SC_TERN_CORE_HAB_POLY::Default" name="massgis:MORIS.OM_SC_TERN_CORE_HAB_POLY" type="poly"/>
      <Layer selected="false" title="Special Concern (Arctic, Least, and Common) Tern Breeding and Staging Sites" style="MORIS.OM_SC_TERN_BREED_STAGE_POLY::Default" name="massgis:MORIS.OM_SC_TERN_BREED_STAGE_POLY" type="poly"/>
      <Layer selected="false" title="Shipping Lanes" style="MORIS.OM_SHIPPING_LANES_POLY::Default" name="massgis:MORIS.OM_SHIPPING_LANES_POLY" type="poly"/>
      <Layer selected="false" title="Shellfish Suitability Areas" style="GISDATA.SHELLFISHSUIT_POLY::Brown_Hatch" name="massgis:GISDATA.SHELLFISHSUIT_POLY" type="poly"/>
      <Layer selected="false" title="Separation Zone" style="MORIS.OM_SEPARATION_ZONE_POLY::Default" name="massgis:MORIS.OM_SEPARATION_ZONE_POLY" type="poly"/>
      <Layer selected="false" title="Roseate Tern Core Habitat (250-meter grid spacing)" style="MORIS.OM_ROSEATE_TERN_CORE_IDS_POLY::Default" name="massgis:MORIS.OM_ROSEATE_TERN_CORE_IDS_POLY" type="poly"/>
      <Layer selected="false" title="Roseate Tern Breeding and Staging Sites" style="MORIS.OM_ROSEATE_TERN_BR_ST_POLY::Default" name="massgis:MORIS.OM_ROSEATE_TERN_BR_ST_POLY" type="poly"/>
      <Layer selected="false" title="Roseate Tern Core Habitat" style="MORIS.OM_ROSEATE_TERN_CORE_POLY::Default" name="massgis:MORIS.OM_ROSEATE_TERN_CORE_POLY" type="poly"/>
      <Layer selected="false" title="Roseate Tern Foraging Areas" style="MORIS.OM_ROSEATE_TERN_FORAGE_POLY::Default" name="massgis:MORIS.OM_ROSEATE_TERN_FORAGE_POLY" type="poly"/>
      <Layer selected="false" title="Recreational Dive Sites 2007" style="MORIS.DIVE_SITES_PT::Black_Symbols" name="massgis:MORIS.DIVE_SITES_PT" type="pt"/>
      <Layer selected="false" title="Recreational Fishing Areas Identified by MMTA Survey of Fishermen" style="MORIS.OM_REC_FISHING_MMTA_POLY::Default" name="massgis:MORIS.OM_REC_FISHING_MMTA_POLY" type="poly"/>
      <Layer selected="false" title="Regional Planning Agencies" style="MORIS.OM_REGIONAL_PLANNING_AGEN_POLY::Default" name="massgis:MORIS.OM_REGIONAL_PLANNING_AGEN_POLY" type="poly"/>
      <Layer selected="false" title="Public Open Space with Views of the Massachusetts Ocean Management Planning Area" style="MORIS.OM_PUBLIC_OPEN_SPACES_POLY::Default" name="massgis:MORIS.OM_PUBLIC_OPEN_SPACES_POLY" type="poly"/>
      <Layer selected="false" title="Provisional Area (250-meter grid spacing)" style="MORIS.OM_PROVISIONAL_AREA_IDS_POLY::Default" name="massgis:MORIS.OM_PROVISIONAL_AREA_IDS_POLY" type="poly"/>
      <Layer selected="false" title="Provisional Area" style="MORIS.OM_PROVISIONAL_AREA_POLY::Default" name="massgis:MORIS.OM_PROVISIONAL_AREA_POLY" type="poly"/>
      <Layer selected="false" title="Prohibited Area" style="MORIS.OM_PROHIBITED_AREA_POLY::Default" name="massgis:MORIS.OM_PROHIBITED_AREA_POLY" type="poly"/>
      <Layer selected="false" title="Proposed for Screening and Feasibility Analysis" style="MORIS.OM_PROPOSED_SCREEN_FEASIB_POLY::Default" name="massgis:MORIS.OM_PROPOSED_SCREEN_FEASIB_POLY" type="poly"/>
      <Layer selected="false" title="Proposed New England Marine Renewable Energy Center (MREC) Test Area" style="MORIS.OM_PROPOSED_MREC_AREA_POLY::Default" name="massgis:MORIS.OM_PROPOSED_MREC_AREA_POLY" type="poly"/>
      <Layer selected="false" title="Proposed Tidal Energy Project Area" style="MORIS.OM_PROPOSED_TIDAL_EN_PROJ_POLY::Default" name="massgis:MORIS.OM_PROPOSED_TIDAL_EN_PROJ_POLY" type="poly"/>
	<Layer selected="false" title="Precautionary Areas" style="MORIS.OM_PRECAUTIONARY_AREAS_POLY::Default" name="massgis:MORIS.OM_PRECAUTIONARY_AREAS_POLY" type="poly"/>
	<Layer selected="false" title="Potential Tidal Resources" style="MORIS.OM_POTENTIAL_TIDAL_RES_POLY::Default" name="massgis:MORIS.OM_POTENTIAL_TIDAL_RES_POLY" type="poly"/>
      <Layer selected="false" title="Potentially Suitable for Deepwater Sites" style="MORIS.OM_POTENTIALLY_SUIT_DEEPW_POLY::Default" name="massgis:MORIS.OM_POTENTIALLY_SUIT_DEEPW_POLY" type="poly"/>
      <Layer selected="false" title="Potentially Suitable Locations in Federal Waters" style="MORIS.OM_POTENTIALLY_SUIT_FED_POLY::Default" name="massgis:MORIS.OM_POTENTIALLY_SUIT_FED_POLY" type="poly"/>
	<Layer selected="false" title="Pilot Boarding Areas" style="MORIS.OM_PILOT_BOARDING_AREAS_POLY::Default" name="massgis:MORIS.OM_PILOT_BOARDING_AREAS_POLY" type="poly"/>
	<Layer selected="false" title="One Mile from Inhabited Shoreline" style="MORIS.OM_ONE_MI_FROM_SHORELINE_POLY::Default" name="massgis:MORIS.OM_ONE_MI_FROM_SHORELINE_POLY" type="poly"/>
	<Layer selected="false" title="North Atlantic Right Whales in the Southern Gulf of Maine - Interpolation of Sightings per Unit Effort (Quantile)" style="MORIS.OM_NORTH_ATLANTIC_RIGHT_W_POLY::Default" name="massgis:MORIS.OM_NORTH_ATLANTIC_RIGHT_W_POLY" type="poly"/>   
      <Layer selected="false" title="North Atlantic Right Whale Core Habitat (250-meter grid spacing)" style="MORIS.OM_N_ATL_RIGHT_W_CORE_IDS_POLY::Default" name="massgis:MORIS.OM_N_ATL_RIGHT_W_CORE_IDS_POLY" type="poly"/>
	<Layer selected="false" title="North Atlantic Right Whale Core Habitat" style="MORIS.OM_N_ATL_RIGHT_W_CORE_POLY::Default" name="massgis:MORIS.OM_N_ATL_RIGHT_W_CORE_POLY" type="poly"/>
      <Layer selected="false" title="New England Mask" style="Black_Lines" name="massgis:GISDATA.NEMASK_POLY" type="poly"/>      
	<Layer selected="false" title="Natural Heritage and Endangered Species Program Priority Habitat of Rare Species in and Adjacent to the Planning Area" style="GISDATA.PRIHAB_POLY::Coastal" name="massgis:GISDATA.PRIHAB_POLY" type="poly"/>
	<Layer selected="false" title="National Parks in and Adjacent to the Planning Area" style="MORIS.GEOREG_NPS_POLY::National_Park_Service" name="massgis:MORIS.GEOREG_NPS_POLY" type="poly"/>
      <Layer selected="false" title="National Register of Historic Places" style="MORIS.OM_NATL_REGISTER_HIS_PLACES_PT::Default" name="massgis:MORIS.OM_NATL_REGISTER_HIS_PLACES_PT" type="pt"/>
      <Layer selected="false" title="National Wildlife Refuges in and Adjacent to the Planning Area" style="MORIS.GEOREG_NWR_POLY::National_Wildlife_Refuge" name="massgis:MORIS.GEOREG_NWR_POLY" type="poly"/>
      <Layer selected="false" title="MA Town Survey Boundaries Polys" style="GISDATA.TOWNSSURVEY_POLY::Default" name="massgis:GISDATA.TOWNSSURVEY_POLY" type="poly"/>
      <Layer selected="false" title="MA Town Survey Boundaries Arcs" style="GISDATA.TOWNSSURVEY_ARC::Default" name="massgis:GISDATA.TOWNSSURVEY_ARC" type="line"/>
      <Layer selected="false" title="Massachusetts Ocean Management Planning Area" style="MORIS.OM_PLANNING_AREA_POLY::Default" name="massgis:MORIS.OM_PLANNING_AREA_POLY" type="poly"/>
      <Layer selected="false" title="Massachusetts Aeronautics Commission (MAC) Aviation Buffers" style="MORIS.OM_MAC_AVIATION_BUFFERS_POLY::Default" name="massgis:MORIS.OM_MAC_AVIATION_BUFFERS_POLY" type="poly"/>
      <Layer selected="false" title="Massachusetts Ocean Management Planning Area Grid" style="MORIS.OM_PLANNING_AREA_IDS_POLY::Default" name="massgis:MORIS.OM_PLANNING_AREA_IDS_POLY" type="poly"/>
      <Layer selected="false" title="Massachusetts Ocean Sanctuaries" style="MORIS.GEOREG_OSA_POLY::OSA_By_Name" name="massgis:MORIS.GEOREG_OSA_POLY" type="poly"/>
      <Layer selected="false" title="Multi-Use Area (250-meter grid spacing)" style="MORIS.OM_MULTI_USE_AREA_IDS_POLY::Default" name="massgis:MORIS.OM_MULTI_USE_AREA_IDS_POLY" type="poly"/>
      <Layer selected="false" title="Multi-Use Area" style="MORIS.OM_MULTI_USE_AREA_POLY::Default" name="massgis:MORIS.OM_MULTI_USE_AREA_POLY" type="poly"/>
      <Layer selected="false" title="Municipalities Adjacent to the Massachusetts Ocean Management Planning Area (symbolized by Regional Planning Agency)" style="MORIS.OM_MUNICIPALITIES_ADJ_PA_POLY::Default" name="massgis:MORIS.OM_MUNICIPALITIES_ADJ_PA_POLY" type="poly"/>
      <Layer selected="false" title="Land Use and Land Cover" style="MORIS.OM_LAND_USE_LAND_COVER_POLY::Default" name="massgis:MORIS.OM_LAND_USE_LAND_COVER_POLY" type="poly"/>
      <Layer selected="false" title="Leachs Storm-Petrel Important Nesting Habitat (250-meter grid spacing)" style="MORIS.OM_LEACHS_SP_IMP_HAB_IDS_POLY::Default" name="massgis:MORIS.OM_LEACHS_SP_IMP_HAB_IDS_POLY" type="poly"/>
      <Layer selected="false" title="Leachs Storm-Petrel Important Nesting Habitat" style="MORIS.OM_LEACHS_SP_IMP_HAB_POLY::Default" name="massgis:MORIS.OM_LEACHS_SP_IMP_HAB_POLY" type="poly"/>
      <Layer selected="false" title="Leachs Storm-Petrels" style="MORIS.OM_LEACHS_STORM_PETREL_POLY::Default" name="massgis:MORIS.OM_LEACHS_STORM_PETREL_POLY" type="poly"/>
      <Layer selected="false" title="Long-tailed Duck Core Habitat (250-meter grid spacing)" style="MORIS.OM_LTDU_CORE_HAB_IDS_POLY::Default" name="massgis:MORIS.OM_LTDU_CORE_HAB_IDS_POLY" type="poly"/>
      <Layer selected="false" title="Long-tailed Duck Core Habitat" style="MORIS.OM_LTDU_CORE_HAB_POLY::Default" name="massgis:MORIS.OM_LTDU_CORE_HAB_POLY" type="poly"/>
      <Layer selected="false" title="Important Fish Resource Areas (250-meter grid spacing)" style="MORIS.OM_IMP_FISH_RES_AREAS_IDS_POLY::Default" name="massgis:MORIS.OM_IMP_FISH_RES_AREAS_IDS_POLY" type="poly"/>
      <Layer selected="false" title="Important Fish Resource Areas" style="MORIS.OM_IMP_FISH_RES_AREAS_POLY::Default" name="massgis:MORIS.OM_IMP_FISH_RES_AREAS_POLY" type="poly"/>
      <Layer selected="false" title="Inactive Disposal Sites" style="MORIS.OM_INACTIVE_DISPOSAL_SITE_POLY::Default" name="massgis:MORIS.OM_INACTIVE_DISPOSAL_SITE_POLY" type="poly"/>
      <Layer selected="false" title="Intertidal Flats (250-meter grid spacing)" style="MORIS.OM_INTERTIDAL_FLATS_IDS_POLY::Default" name="massgis:MORIS.OM_INTERTIDAL_FLATS_IDS_POLY" type="poly"/>
      <Layer selected="false" title="Intertidal Flats" style="MORIS.OM_INTERTIDAL_FLATS_POLY::Default" name="massgis:MORIS.OM_INTERTIDAL_FLATS_POLY" type="poly"/>
      <Layer selected="false" title="Humpback Whale Core Habitat (250-meter grid spacing)" style="MORIS.OM_HUMPBACK_CORE_HAB_IDS_POLY::Default" name="massgis:MORIS.OM_HUMPBACK_CORE_HAB_IDS_POLY" type="poly"/>
      <Layer selected="false" title="Humpback Whale Core Habitat " style="MORIS.OM_HUMPBACK_CORE_HAB_POLY::Default" name="massgis:MORIS.OM_HUMPBACK_CORE_HAB_POLY" type="poly"/>
      <Layer selected="false" title="Humpback Whales in the Southern Gulf of Maine - Interpolation of Sightings per Unit Effort (Quantile)" style="MORIS.OM_HUMPBACK_WHALES_POLY::Default" name="massgis:MORIS.OM_HUMPBACK_WHALES_POLY" type="poly"/>
      <Layer selected="false" title="Hull Project" style="MORIS.OM_HULL_PROJECT_POLY::Default" name="massgis:MORIS.OM_HULL_PROJECT_POLY" type="poly"/>
      <Layer selected="false" title="High Effort and Value Commercial Fishing (250-meter grid spacing)" style="MORIS.OM_HIGH_COMM_FISHING_IDS_POLY::Default" name="massgis:MORIS.OM_HIGH_COMM_FISHING_IDS_POLY" type="poly"/>
      <Layer selected="false" title="High Effort and Value Commercial Fishing" style="MORIS.OM_HIGH_COMM_FISHING_POLY::Default" name="massgis:MORIS.OM_HIGH_COMM_FISHING_POLY" type="poly"/>
      <Layer selected="false" title="Hard/Complex Seafloor (250-meter grid spacing)" style="MORIS.OM_HARD_COMPLEX_SEAFL_IDS_POLY::Default" name="massgis:MORIS.OM_HARD_COMPLEX_SEAFL_IDS_POLY" type="poly"/>
      <Layer selected="false" title="Hard/Complex Seafloor" style="MORIS.OM_HARD_COMPLEX_SEAFL_POLY::Default" name="massgis:MORIS.OM_HARD_COMPLEX_SEAFL_POLY" type="poly"/>
      <Layer selected="false" title="Gas Pipelines" style="MORIS.OM_GAS_PIPELINES_POLY::Default" name="massgis:MORIS.OM_GAS_PIPELINES_POLY" type="poly"/>
      <Layer selected="false" title="Fisheries Resources" style="MORIS.OM_FISHERIES_RESOURCES_POLY::Default" name="massgis:MORIS.OM_FISHERIES_RESOURCES_POLY" type="poly"/>
      <Layer selected="false" title="Fin Whale Core Habitat (250-meter grid spacing)" style="MORIS.OM_FIN_WHALE_CORE_HAB_IDS_POLY::Default" name="massgis:MORIS.OM_FIN_WHALE_CORE_HAB_IDS_POLY" type="poly"/>
      <Layer selected="false" title="Fin Whale Core Habitat" style="MORIS.OM_FIN_WHALE_CORE_HAB_POLY::Default" name="massgis:MORIS.OM_FIN_WHALE_CORE_HAB_POLY" type="poly"/>
      <Layer selected="false" title="Fin Whales in the Southern Gulf of Maine - Interpolation of Sightings per Unit Effort (Quantile)" style="MORIS.OM_FIN_WHALES_POLY::Default" name="massgis:MORIS.OM_FIN_WHALES_POLY" type="poly"/>
      <Layer selected="false" title="Ferry Routes" style="MORIS.OM_FERRY_ROUTES_POLY::Default" name="massgis:MORIS.OM_FERRY_ROUTES_POLY" type="poly"/>
	<Layer selected="false" title="Exclusionary Criteria" style="MORIS.OM_EXCLUSIONARY_CRITERIA_POLY::Default" name="massgis:MORIS.OM_EXCLUSIONARY_CRITERIA_POLY" type="poly"/>
      <Layer selected="false" title="Eelgrass (250-meter grid spacing)" style="MORIS.OM_EELGRASS_IDS_POLY::Default" name="massgis:MORIS.OM_EELGRASS_IDS_POLY" type="poly"/>
      <Layer selected="false" title="Eelgrass" style="MORIS.OM_EELGRASS_POLY::Default" name="massgis:MORIS.OM_EELGRASS_POLY" type="poly"/>
      <Layer selected="false" title="DEP Wetlands (1:12,000) - Tidal Flats" style="GISDATA.WETLANDSDEP_POLY::Tidal_Flats" name="massgis:GISDATA.WETLANDSDEP_POLY" type="poly"/>
      <Layer selected="false" title="DEP Seagrass - Eelgrass Only" style="GISDATA.EELGRASS_POLY::Eelgrass_Only" name="massgis:GISDATA.EELGRASS_POLY" type="poly"/>
	<Layer selected="false" title="Concentrated Commerce Traffic, as indicated by Automatic Identification System (AIS) data" style="MORIS.OM_CONC_COMMERCE_TRAF_POLY::Default" name="massgis:MORIS.OM_CONC_COMMERCE_TRAF_POLY" type="poly"/>
      <Layer selected="false" title="Concentrated Commerce Traffic, as indicated by Automatic Identification System (AIS) data (250-meter grid spacing)" style="MORIS.OM_CONC_COMMERCE_TRAF_IDS_POLY::Default" name="massgis:MORIS.OM_CONC_COMMERCE_TRAF_IDS_POLY" type="poly"/>
      <Layer selected="false" title="Concentrated Commercial Fishing Traffic, as indicated by Vessel Monitoring System (VMS) data" style="MORIS.OM_CONC_COM_FISH_TRAF_POLY::Default" name="massgis:MORIS.OM_CONC_COM_FISH_TRAF_POLY" type="poly"/>
      <Layer selected="false" title="Concentrated Commercial Fishing Traffic, as indicated by Vessel Monitoring System (VMS) data (250-meter grid spacing)" style="MORIS.OM_CONC_COM_FISH_TRAF_IDS_POLY::Default" name="massgis:MORIS.OM_CONC_COM_FISH_TRAF_IDS_POLY" type="poly"/>
	<Layer selected="false" title="Concentrated Recreational Fishing (250-meter grid spacing)" style="MORIS.OM_CONC_REC_FISHING_IDS_POLY::Default" name="massgis:MORIS.OM_CONC_REC_FISHING_IDS_POLY" type="poly"/>
      <Layer selected="false" title="Concentrated Recreational Fishing" style="MORIS.OM_CONC_REC_FISHING_POLY::Default" name="massgis:MORIS.OM_CONC_REC_FISHING_POLY" type="poly"/>
	<Layer selected="false" title="Concentrated Recreational Boating Routes" style="MORIS.OM_CONC_REC_BOATING_ROUTES_ARC::Default" name="massgis:MORIS.OM_CONC_REC_BOATING_ROUTES_ARC" type="line"/>
	<Layer selected="false" title="Concentrated Recreational Boating Activity (250-meter grid spacing)" style="MORIS.OM_CONC_REC_BOATING_IDS_POLY::Default" name="massgis:MORIS.OM_CONC_REC_BOATING_IDS_POLY" type="poly"/>
	<Layer selected="false" title="Concentrated Recreational Boating Activity" style="MORIS.OM_CONC_REC_BOATING_POLY::Default" name="massgis:MORIS.OM_CONC_REC_BOATING_POLY" type="poly"/>
      <Layer selected="false" title="Commercial Fisheries Activity" style="MORIS.OM_COMM_FISH_ACTIVITY_POLY::Default" name="massgis:MORIS.OM_COMM_FISH_ACTIVITY_POLY" type="poly"/>
	<Layer selected="false" title="Colonial Nesting Waterbirds" style="MORIS.OM_COLONIAL_NESTING_WB_POLY::Default" name="massgis:MORIS.OM_COLONIAL_NESTING_WB_POLY" type="poly"/>
      <Layer selected="false" title="Colonial Waterbirds Important Nesting Habitat" style="MORIS.OM_COL_WB_IMP_HAB_POLY::Default" name="massgis:MORIS.OM_COL_WB_IMP_HAB_POLY" type="poly"/>
      <Layer selected="false" title="Colonial Waterbirds Important Nesting Habitat (250-meter grid spacing)" style="MORIS.OM_COL_WB_IMP_HAB_IDS_POLY::Default" name="massgis:MORIS.OM_COL_WB_IMP_HAB_IDS_POLY" type="poly"/>
      <Layer selected="false" title="Cape Cod National Seashore" style="MORIS.GEOREG_NPS_POLY::Cape_Cod_National_Seashore" name="massgis:MORIS.GEOREG_NPS_POLY" type="poly"/>
	<Layer selected="false" title="Cable Areas" style="MORIS.OM_CABLE_AREAS_POLY::Default" name="massgis:MORIS.OM_CABLE_AREAS_POLY" type="poly"/>
      <Layer selected="false" title="Cables" style="MORIS.OM_CABLES_POLY::Default" name="massgis:MORIS.OM_CABLES_POLY" type="poly"/>
	<Layer selected="false" title="Boston Harbor Islands National Recreation Area" style="MORIS.GEOREG_NPS_POLY::Boston_Harbor_Islands" name="massgis:MORIS.GEOREG_NPS_POLY" type="poly"/>
      <Layer selected="false" title="Automatic Identification System (AIS)" style="MORIS.OM_AUTOMATIC_ID_SYSTEM_POLY::Default" name="massgis:MORIS.OM_AUTOMATIC_ID_SYSTEM_POLY" type="poly"/>
      <Layer selected="false" title="Areas of Critical Environmental Concern in and Adjacent to the Planning Area" style="MORIS.GEOREG_ACEC_POLY::Purple_Forward_Slash" name="massgis:MORIS.GEOREG_ACEC_POLY" type="poly"/>
      <Layer selected="false" title="Anchorage Areas" style="MORIS.OM_ANCHORAGE_AREAS_POLY::Default" name="massgis:MORIS.OM_ANCHORAGE_AREAS_POLY" type="poly"/>
	<Layer selected="false" title="Active Disposal Sites" style="MORIS.OM_ACTIVE_DISPOSAL_SITES_POLY::Default" name="massgis:MORIS.OM_ACTIVE_DISPOSAL_SITES_POLY" type="poly"/>
      <Layer selected="false" title="60-meter Contour" style="MORIS.OM_60M_CONTOUR_ARC::Default" name="massgis:MORIS.OM_60M_CONTOUR_ARC" type="line"/>
      <Layer selected="false" title="30-meter Contour" style="MORIS.OM_30M_CONTOUR_ARC::Default" name="massgis:MORIS.OM_30M_CONTOUR_ARC" type="line"/>
	</mass>
</toc>