<?xml version="1.0" ?>
<!--
////////////////////////////////////////////////////////////////////////////////
//
// CONFIGURATION:
// aioSelectionMethod can be "extent" or "draw."
// dataExtractionService is the url to the GP service.
//
////////////////////////////////////////////////////////////////////////////////
-->
<configuration>
	<excludelayer>Aquatic Vegetation</excludelayer>
    <excludelayer>Avifauna</excludelayer>
    <excludelayer>Cetaceans</excludelayer>
    <excludelayer>Cetaceans\Humpback whale</excludelayer>
    <excludelayer>Cetaceans\Minke whale</excludelayer>
    <excludelayer>Cetaceans\North Atlantic right whale</excludelayer>
    <excludelayer>Cetaceans\Sei whale</excludelayer>
    <excludelayer>Cetaceans\Harbor porpoise</excludelayer>
    <excludelayer>Cetaceans\Fin whale</excludelayer>
    <excludelayer>Cetaceans\Bottlenose dolphin</excludelayer>
    <excludelayer>Cetaceans\Atlantic white-sided dolphin</excludelayer>
    <excludelayer>Cetaceans\Striped dolphin</excludelayer>
    <excludelayer>Cetaceans\Sperm whale</excludelayer>
    <excludelayer>Fish & Shellfish</excludelayer>
    <dataextractionservice>http://50.19.218.171/arcgis1/rest/services/ClipZip/GPServer/Extract%20Data%20TaskKML</dataextractionservice>
    <aioselectionmethod>draw</aioselectionmethod>
</configuration>
